"periode_data","tahun","nama_provinsi","nama_kabupaten_kota","nama_kecamatan","jenis_kelamin","jumlah","keterangan"
"2015","2015","PROVINSI DKI JAKARTA","JAKARTA PUSAT","CEMPAKA PUTIH","Perempuan","82","Antar Kelurahan dalam 1 Kecamatan"
"2015","2015","PROVINSI DKI JAKARTA","JAKARTA PUSAT","CEMPAKA PUTIH","Laki-laki","138","Antar Kecamatan dalam 1 Kota"
"2015","2015","PROVINSI DKI JAKARTA","JAKARTA PUSAT","CEMPAKA PUTIH","Perempuan","155","Antar Kecamatan dalam 1 Kota"
"2015","2015","PROVINSI DKI JAKARTA","JAKARTA PUSAT","CEMPAKA PUTIH","Laki-laki","541","Antar Kota dalam 1 Provinsi"
"2015","2015","PROVINSI DKI JAKARTA","JAKARTA PUSAT","CEMPAKA PUTIH","Perempuan","572","Antar Kota dalam 1 Provinsi"
"2015","2015","PROVINSI DKI JAKARTA","JAKARTA PUSAT","MENTENG","Laki-laki","58","Antar Kelurahan dalam 1 Kecamatan"
"2015","2015","PROVINSI DKI JAKARTA","JAKARTA PUSAT","MENTENG","Perempuan","67","Antar Kelurahan dalam 1 Kecamatan"
"2015","2015","PROVINSI DKI JAKARTA","JAKARTA PUSAT","MENTENG","Laki-laki","109","Antar Kecamatan dalam 1 Kota"
"2015","2015","PROVINSI DKI JAKARTA","JAKARTA PUSAT","MENTENG","Perempuan","93","Antar Kecamatan dalam 1 Kota"
"2015","2015","PROVINSI DKI JAKARTA","JAKARTA PUSAT","MENTENG","Laki-laki","537","Antar Kota dalam 1 Provinsi"
"2015","2015","PROVINSI DKI JAKARTA","JAKARTA PUSAT","MENTENG","Perempuan","582","Antar Kota dalam 1 Provinsi"
"2015","2015","PROVINSI DKI JAKARTA","JAKARTA PUSAT","TANAH ABANG","Laki-laki","279","Antar Kelurahan dalam 1 Kecamatan"
"2015","2015","PROVINSI DKI JAKARTA","JAKARTA PUSAT","TANAH ABANG","Perempuan","279","Antar Kelurahan dalam 1 Kecamatan"
"2015","2015","PROVINSI DKI JAKARTA","JAKARTA PUSAT","TANAH ABANG","Laki-laki","117","Antar Kecamatan dalam 1 Kota"
"2015","2015","PROVINSI DKI JAKARTA","JAKARTA PUSAT","TANAH ABANG","Perempuan","126","Antar Kecamatan dalam 1 Kota"
"2015","2015","PROVINSI DKI JAKARTA","JAKARTA PUSAT","TANAH ABANG","Laki-laki","1498","Antar Kota dalam 1 Provinsi"
"2015","2015","PROVINSI DKI JAKARTA","JAKARTA PUSAT","TANAH ABANG","Perempuan","1505","Antar Kota dalam 1 Provinsi"
"2015","2015","PROVINSI DKI JAKARTA","JAKARTA PUSAT","JOHAR BARU","Laki-laki","113","Antar Kelurahan dalam 1 Kecamatan"
"2015","2015","PROVINSI DKI JAKARTA","JAKARTA PUSAT","JOHAR BARU","Perempuan","153","Antar Kelurahan dalam 1 Kecamatan"
"2015","2015","PROVINSI DKI JAKARTA","JAKARTA PUSAT","JOHAR BARU","Laki-laki","215","Antar Kecamatan dalam 1 Kota"
"2015","2015","PROVINSI DKI JAKARTA","JAKARTA PUSAT","JOHAR BARU","Perempuan","276","Antar Kecamatan dalam 1 Kota"
"2015","2015","PROVINSI DKI JAKARTA","JAKARTA PUSAT","JOHAR BARU","Laki-laki","575","Antar Kota dalam 1 Provinsi"
"2015","2015","PROVINSI DKI JAKARTA","JAKARTA PUSAT","JOHAR BARU","Perempuan","659","Antar Kota dalam 1 Provinsi"
"2015","2015","PROVINSI DKI JAKARTA","JAKARTA UTARA","PENJARINGAN","Laki-laki","1204","Antar Kelurahan dalam 1 Kecamatan"
"2015","2015","PROVINSI DKI JAKARTA","JAKARTA UTARA","PENJARINGAN","Perempuan","1205","Antar Kelurahan dalam 1 Kecamatan"
"2015","2015","PROVINSI DKI JAKARTA","JAKARTA UTARA","PENJARINGAN","Laki-laki","612","Antar Kecamatan dalam 1 Kota"
"2015","2015","PROVINSI DKI JAKARTA","JAKARTA UTARA","PENJARINGAN","Perempuan","631","Antar Kecamatan dalam 1 Kota"
"2015","2015","PROVINSI DKI JAKARTA","JAKARTA UTARA","PENJARINGAN","Laki-laki","1662","Antar Kota dalam 1 Provinsi"
"2015","2015","PROVINSI DKI JAKARTA","JAKARTA UTARA","PENJARINGAN","Perempuan","1834","Antar Kota dalam 1 Provinsi"
"2015","2015","PROVINSI DKI JAKARTA","JAKARTA UTARA","TANJUNG PRIOK","Laki-laki","818","Antar Kelurahan dalam 1 Kecamatan"
"2015","2015","PROVINSI DKI JAKARTA","JAKARTA UTARA","TANJUNG PRIOK","Perempuan","883","Antar Kelurahan dalam 1 Kecamatan"
"2015","2015","PROVINSI DKI JAKARTA","JAKARTA UTARA","TANJUNG PRIOK","Laki-laki","984","Antar Kecamatan dalam 1 Kota"
"2015","2015","PROVINSI DKI JAKARTA","JAKARTA UTARA","TANJUNG PRIOK","Perempuan","1027","Antar Kecamatan dalam 1 Kota"
"2015","2015","PROVINSI DKI JAKARTA","JAKARTA UTARA","TANJUNG PRIOK","Laki-laki","1306","Antar Kota dalam 1 Provinsi"
"2015","2015","PROVINSI DKI JAKARTA","JAKARTA UTARA","TANJUNG PRIOK","Perempuan","1347","Antar Kota dalam 1 Provinsi"
"2015","2015","PROVINSI DKI JAKARTA","JAKARTA UTARA","KOJA","Laki-laki","987","Antar Kelurahan dalam 1 Kecamatan"
"2015","2015","PROVINSI DKI JAKARTA","JAKARTA UTARA","KOJA","Perempuan","1034","Antar Kelurahan dalam 1 Kecamatan"
"2015","2015","PROVINSI DKI JAKARTA","JAKARTA UTARA","KOJA","Laki-laki","1162","Antar Kecamatan dalam 1 Kota"
"2015","2015","PROVINSI DKI JAKARTA","JAKARTA UTARA","KOJA","Perempuan","1094","Antar Kecamatan dalam 1 Kota"
"2015","2015","PROVINSI DKI JAKARTA","JAKARTA UTARA","KOJA","Laki-laki","740","Antar Kota dalam 1 Provinsi"
"2015","2015","PROVINSI DKI JAKARTA","JAKARTA UTARA","KOJA","Perempuan","759","Antar Kota dalam 1 Provinsi"
"2015","2015","PROVINSI DKI JAKARTA","JAKARTA UTARA","CILINCING","Laki-laki","1436","Antar Kelurahan dalam 1 Kecamatan"
"2015","2015","PROVINSI DKI JAKARTA","JAKARTA UTARA","CILINCING","Perempuan","1483","Antar Kelurahan dalam 1 Kecamatan"
"2015","2015","PROVINSI DKI JAKARTA","JAKARTA UTARA","CILINCING","Laki-laki","1038","Antar Kecamatan dalam 1 Kota"
"2015","2015","PROVINSI DKI JAKARTA","JAKARTA UTARA","CILINCING","Perempuan","1053","Antar Kecamatan dalam 1 Kota"
"2015","2015","PROVINSI DKI JAKARTA","JAKARTA UTARA","CILINCING","Laki-laki","1119","Antar Kota dalam 1 Provinsi"
"2015","2015","PROVINSI DKI JAKARTA","JAKARTA UTARA","CILINCING","Perempuan","1171","Antar Kota dalam 1 Provinsi"
"2015","2015","PROVINSI DKI JAKARTA","JAKARTA UTARA","PADEMANGAN","Laki-laki","163","Antar Kelurahan dalam 1 Kecamatan"
"2015","2015","PROVINSI DKI JAKARTA","JAKARTA UTARA","PADEMANGAN","Perempuan","187","Antar Kelurahan dalam 1 Kecamatan"
"2015","2015","PROVINSI DKI JAKARTA","JAKARTA UTARA","PADEMANGAN","Laki-laki","536","Antar Kecamatan dalam 1 Kota"
"2015","2015","PROVINSI DKI JAKARTA","JAKARTA UTARA","PADEMANGAN","Perempuan","580","Antar Kecamatan dalam 1 Kota"
"2015","2015","PROVINSI DKI JAKARTA","JAKARTA UTARA","PADEMANGAN","Laki-laki","663","Antar Kota dalam 1 Provinsi"
"2015","2015","PROVINSI DKI JAKARTA","JAKARTA UTARA","PADEMANGAN","Perempuan","769","Antar Kota dalam 1 Provinsi"
"2015","2015","PROVINSI DKI JAKARTA","JAKARTA UTARA","KELAPA GADING","Laki-laki","278","Antar Kelurahan dalam 1 Kecamatan"
"2015","2015","PROVINSI DKI JAKARTA","JAKARTA UTARA","KELAPA GADING","Perempuan","317","Antar Kelurahan dalam 1 Kecamatan"
"2015","2015","PROVINSI DKI JAKARTA","JAKARTA UTARA","KELAPA GADING","Laki-laki","567","Antar Kecamatan dalam 1 Kota"
"2015","2015","PROVINSI DKI JAKARTA","JAKARTA UTARA","KELAPA GADING","Perempuan","572","Antar Kecamatan dalam 1 Kota"
"2015","2015","PROVINSI DKI JAKARTA","JAKARTA UTARA","KELAPA GADING","Laki-laki","681","Antar Kota dalam 1 Provinsi"
"2015","2015","PROVINSI DKI JAKARTA","JAKARTA UTARA","KELAPA GADING","Perempuan","767","Antar Kota dalam 1 Provinsi"
"2015","2015","PROVINSI DKI JAKARTA","JAKARTA BARAT","CENGKARENG","Laki-laki","2003","Antar Kelurahan dalam 1 Kecamatan"
"2015","2015","PROVINSI DKI JAKARTA","JAKARTA BARAT","CENGKARENG","Perempuan","2042","Antar Kelurahan dalam 1 Kecamatan"
"2015","2015","PROVINSI DKI JAKARTA","JAKARTA BARAT","CENGKARENG","Laki-laki","1317","Antar Kecamatan dalam 1 Kota"
"2015","2015","PROVINSI DKI JAKARTA","JAKARTA BARAT","CENGKARENG","Perempuan","1435","Antar Kecamatan dalam 1 Kota"
"2015","2015","PROVINSI DKI JAKARTA","JAKARTA BARAT","CENGKARENG","Laki-laki","1116","Antar Kota dalam 1 Provinsi"
"2015","2015","PROVINSI DKI JAKARTA","JAKARTA BARAT","CENGKARENG","Perempuan","1064","Antar Kota dalam 1 Provinsi"
"2015","2015","PROVINSI DKI JAKARTA","JAKARTA BARAT","GROGOL PETAMBURAN","Laki-laki","393","Antar Kelurahan dalam 1 Kecamatan"
"2015","2015","PROVINSI DKI JAKARTA","JAKARTA BARAT","GROGOL PETAMBURAN","Perempuan","425","Antar Kelurahan dalam 1 Kecamatan"
"2015","2015","PROVINSI DKI JAKARTA","JAKARTA BARAT","GROGOL PETAMBURAN","Laki-laki","1041","Antar Kecamatan dalam 1 Kota"
"2015","2015","PROVINSI DKI JAKARTA","JAKARTA BARAT","GROGOL PETAMBURAN","Perempuan","1196","Antar Kecamatan dalam 1 Kota"
"2015","2015","PROVINSI DKI JAKARTA","JAKARTA BARAT","GROGOL PETAMBURAN","Laki-laki","714","Antar Kota dalam 1 Provinsi"
"2015","2015","PROVINSI DKI JAKARTA","JAKARTA BARAT","GROGOL PETAMBURAN","Perempuan","838","Antar Kota dalam 1 Provinsi"
"2015","2015","PROVINSI DKI JAKARTA","JAKARTA BARAT","TAMAN SARI","Laki-laki","150","Antar Kelurahan dalam 1 Kecamatan"
"2015","2015","PROVINSI DKI JAKARTA","JAKARTA BARAT","TAMAN SARI","Perempuan","175","Antar Kelurahan dalam 1 Kecamatan"
"2015","2015","PROVINSI DKI JAKARTA","JAKARTA BARAT","TAMAN SARI","Laki-laki","424","Antar Kecamatan dalam 1 Kota"
"2015","2015","PROVINSI DKI JAKARTA","JAKARTA BARAT","TAMAN SARI","Perempuan","423","Antar Kecamatan dalam 1 Kota"
"2015","2015","PROVINSI DKI JAKARTA","JAKARTA BARAT","TAMAN SARI","Laki-laki","593","Antar Kota dalam 1 Provinsi"
"2015","2015","PROVINSI DKI JAKARTA","JAKARTA BARAT","TAMAN SARI","Perempuan","701","Antar Kota dalam 1 Provinsi"
"2015","2015","PROVINSI DKI JAKARTA","JAKARTA BARAT","TAMBORA","Laki-laki","901","Antar Kelurahan dalam 1 Kecamatan"
"2015","2015","PROVINSI DKI JAKARTA","JAKARTA BARAT","TAMBORA","Perempuan","956","Antar Kelurahan dalam 1 Kecamatan"
"2015","2015","PROVINSI DKI JAKARTA","JAKARTA BARAT","TAMBORA","Laki-laki","1091","Antar Kecamatan dalam 1 Kota"
"2015","2015","PROVINSI DKI JAKARTA","JAKARTA BARAT","TAMBORA","Perempuan","1154","Antar Kecamatan dalam 1 Kota"
"2015","2015","PROVINSI DKI JAKARTA","JAKARTA BARAT","TAMBORA","Laki-laki","810","Antar Kota dalam 1 Provinsi"
"2015","2015","PROVINSI DKI JAKARTA","JAKARTA BARAT","TAMBORA","Perempuan","982","Antar Kota dalam 1 Provinsi"
"2015","2015","PROVINSI DKI JAKARTA","JAKARTA BARAT","KEBON JERUK","Laki-laki","511","Antar Kelurahan dalam 1 Kecamatan"
"2015","2015","PROVINSI DKI JAKARTA","JAKARTA BARAT","KEBON JERUK","Perempuan","562","Antar Kelurahan dalam 1 Kecamatan"
"2015","2015","PROVINSI DKI JAKARTA","JAKARTA BARAT","KEBON JERUK","Laki-laki","1089","Antar Kecamatan dalam 1 Kota"
"2015","2015","PROVINSI DKI JAKARTA","JAKARTA BARAT","KEBON JERUK","Perempuan","1170","Antar Kecamatan dalam 1 Kota"
"2015","2015","PROVINSI DKI JAKARTA","JAKARTA BARAT","KEBON JERUK","Laki-laki","894","Antar Kota dalam 1 Provinsi"
"2015","2015","PROVINSI DKI JAKARTA","JAKARTA BARAT","KEBON JERUK","Perempuan","944","Antar Kota dalam 1 Provinsi"
"2015","2015","PROVINSI DKI JAKARTA","JAKARTA BARAT","KALI DERES","Laki-laki","717","Antar Kelurahan dalam 1 Kecamatan"
"2015","2015","PROVINSI DKI JAKARTA","JAKARTA BARAT","KALI DERES","Perempuan","716","Antar Kelurahan dalam 1 Kecamatan"
"2015","2015","PROVINSI DKI JAKARTA","JAKARTA BARAT","KALI DERES","Laki-laki","732","Antar Kecamatan dalam 1 Kota"
"2015","2015","PROVINSI DKI JAKARTA","JAKARTA BARAT","KALI DERES","Perempuan","790","Antar Kecamatan dalam 1 Kota"
"2015","2015","PROVINSI DKI JAKARTA","JAKARTA BARAT","KALI DERES","Laki-laki","389","Antar Kota dalam 1 Provinsi"
"2015","2015","PROVINSI DKI JAKARTA","JAKARTA BARAT","KALI DERES","Perempuan","444","Antar Kota dalam 1 Provinsi"
"2015","2015","PROVINSI DKI JAKARTA","JAKARTA BARAT","PALMERAH","Laki-laki","330","Antar Kelurahan dalam 1 Kecamatan"
"2015","2015","PROVINSI DKI JAKARTA","JAKARTA BARAT","PALMERAH","Perempuan","304","Antar Kelurahan dalam 1 Kecamatan"
"2015","2015","PROVINSI DKI JAKARTA","JAKARTA BARAT","PALMERAH","Laki-laki","557","Antar Kecamatan dalam 1 Kota"
"2015","2015","PROVINSI DKI JAKARTA","JAKARTA BARAT","PALMERAH","Perempuan","608","Antar Kecamatan dalam 1 Kota"
"2015","2015","PROVINSI DKI JAKARTA","JAKARTA BARAT","PALMERAH","Laki-laki","713","Antar Kota dalam 1 Provinsi"
"2015","2015","PROVINSI DKI JAKARTA","JAKARTA BARAT","PALMERAH","Perempuan","692","Antar Kota dalam 1 Provinsi"
"2015","2015","PROVINSI DKI JAKARTA","JAKARTA BARAT","KEMBANGAN","Laki-laki","464","Antar Kelurahan dalam 1 Kecamatan"
"2015","2015","PROVINSI DKI JAKARTA","JAKARTA BARAT","KEMBANGAN","Perempuan","490","Antar Kelurahan dalam 1 Kecamatan"
"2015","2015","PROVINSI DKI JAKARTA","JAKARTA BARAT","KEMBANGAN","Laki-laki","588","Antar Kecamatan dalam 1 Kota"
"2015","2015","PROVINSI DKI JAKARTA","JAKARTA BARAT","KEMBANGAN","Perempuan","592","Antar Kecamatan dalam 1 Kota"
"2015","2015","PROVINSI DKI JAKARTA","JAKARTA BARAT","KEMBANGAN","Laki-laki","557","Antar Kota dalam 1 Provinsi"
"2015","2015","PROVINSI DKI JAKARTA","JAKARTA BARAT","KEMBANGAN","Perempuan","626","Antar Kota dalam 1 Provinsi"
"2015","2015","PROVINSI DKI JAKARTA","JAKARTA SELATAN","TEBET","Laki-laki","391","Antar Kelurahan dalam 1 Kecamatan"
"2015","2015","PROVINSI DKI JAKARTA","JAKARTA SELATAN","TEBET","Perempuan","357","Antar Kelurahan dalam 1 Kecamatan"
"2015","2015","PROVINSI DKI JAKARTA","JAKARTA SELATAN","TEBET","Laki-laki","664","Antar Kecamatan dalam 1 Kota"
"2015","2015","PROVINSI DKI JAKARTA","JAKARTA SELATAN","TEBET","Perempuan","745","Antar Kecamatan dalam 1 Kota"
"2015","2015","PROVINSI DKI JAKARTA","JAKARTA SELATAN","TEBET","Laki-laki","970","Antar Kota dalam 1 Provinsi"
"2015","2015","PROVINSI DKI JAKARTA","JAKARTA SELATAN","TEBET","Perempuan","985","Antar Kota dalam 1 Provinsi"
"2015","2015","PROVINSI DKI JAKARTA","JAKARTA SELATAN","SETIA BUDI","Laki-laki","223","Antar Kelurahan dalam 1 Kecamatan"
"2015","2015","PROVINSI DKI JAKARTA","JAKARTA SELATAN","SETIA BUDI","Perempuan","260","Antar Kelurahan dalam 1 Kecamatan"
"2015","2015","PROVINSI DKI JAKARTA","JAKARTA SELATAN","SETIA BUDI","Laki-laki","584","Antar Kecamatan dalam 1 Kota"
"2015","2015","PROVINSI DKI JAKARTA","JAKARTA SELATAN","SETIA BUDI","Perempuan","597","Antar Kecamatan dalam 1 Kota"
"2015","2015","PROVINSI DKI JAKARTA","JAKARTA SELATAN","SETIA BUDI","Laki-laki","563","Antar Kota dalam 1 Provinsi"
"2015","2015","PROVINSI DKI JAKARTA","JAKARTA SELATAN","SETIA BUDI","Perempuan","598","Antar Kota dalam 1 Provinsi"
"2015","2015","PROVINSI DKI JAKARTA","JAKARTA SELATAN","MAMPANG PRAPATAN","Laki-laki","152","Antar Kelurahan dalam 1 Kecamatan"
"2015","2015","PROVINSI DKI JAKARTA","JAKARTA SELATAN","MAMPANG PRAPATAN","Perempuan","198","Antar Kelurahan dalam 1 Kecamatan"
"2015","2015","PROVINSI DKI JAKARTA","JAKARTA SELATAN","MAMPANG PRAPATAN","Laki-laki","718","Antar Kecamatan dalam 1 Kota"
"2015","2015","PROVINSI DKI JAKARTA","JAKARTA SELATAN","MAMPANG PRAPATAN","Perempuan","778","Antar Kecamatan dalam 1 Kota"
"2015","2015","PROVINSI DKI JAKARTA","JAKARTA SELATAN","MAMPANG PRAPATAN","Laki-laki","455","Antar Kota dalam 1 Provinsi"
"2015","2015","PROVINSI DKI JAKARTA","JAKARTA SELATAN","MAMPANG PRAPATAN","Perempuan","428","Antar Kota dalam 1 Provinsi"
"2015","2015","PROVINSI DKI JAKARTA","JAKARTA SELATAN","PASAR MINGGU","Laki-laki","410","Antar Kelurahan dalam 1 Kecamatan"
"2015","2015","PROVINSI DKI JAKARTA","JAKARTA SELATAN","PASAR MINGGU","Perempuan","475","Antar Kelurahan dalam 1 Kecamatan"
"2015","2015","PROVINSI DKI JAKARTA","JAKARTA SELATAN","PASAR MINGGU","Laki-laki","1165","Antar Kecamatan dalam 1 Kota"
"2015","2015","PROVINSI DKI JAKARTA","JAKARTA SELATAN","PASAR MINGGU","Perempuan","1235","Antar Kecamatan dalam 1 Kota"
"2015","2015","PROVINSI DKI JAKARTA","JAKARTA SELATAN","PASAR MINGGU","Laki-laki","600","Antar Kota dalam 1 Provinsi"
"2015","2015","PROVINSI DKI JAKARTA","JAKARTA SELATAN","PASAR MINGGU","Perempuan","614","Antar Kota dalam 1 Provinsi"
"2015","2015","PROVINSI DKI JAKARTA","JAKARTA SELATAN","KEBAYORAN LAMA","Laki-laki","475","Antar Kelurahan dalam 1 Kecamatan"
"2015","2015","PROVINSI DKI JAKARTA","JAKARTA SELATAN","KEBAYORAN LAMA","Perempuan","515","Antar Kelurahan dalam 1 Kecamatan"
"2015","2015","PROVINSI DKI JAKARTA","JAKARTA SELATAN","KEBAYORAN LAMA","Laki-laki","701","Antar Kecamatan dalam 1 Kota"
"2015","2015","PROVINSI DKI JAKARTA","JAKARTA SELATAN","KEBAYORAN LAMA","Perempuan","724","Antar Kecamatan dalam 1 Kota"
"2015","2015","PROVINSI DKI JAKARTA","JAKARTA SELATAN","KEBAYORAN LAMA","Laki-laki","676","Antar Kota dalam 1 Provinsi"
"2015","2015","PROVINSI DKI JAKARTA","JAKARTA SELATAN","KEBAYORAN LAMA","Perempuan","719","Antar Kota dalam 1 Provinsi"
"2015","2015","PROVINSI DKI JAKARTA","JAKARTA SELATAN","CILANDAK","Laki-laki","217","Antar Kelurahan dalam 1 Kecamatan"
"2015","2015","PROVINSI DKI JAKARTA","JAKARTA SELATAN","CILANDAK","Perempuan","252","Antar Kelurahan dalam 1 Kecamatan"
"2015","2015","PROVINSI DKI JAKARTA","JAKARTA SELATAN","CILANDAK","Laki-laki","623","Antar Kecamatan dalam 1 Kota"
"2015","2015","PROVINSI DKI JAKARTA","JAKARTA SELATAN","CILANDAK","Perempuan","682","Antar Kecamatan dalam 1 Kota"
"2015","2015","PROVINSI DKI JAKARTA","JAKARTA SELATAN","CILANDAK","Laki-laki","276","Antar Kota dalam 1 Provinsi"
"2015","2015","PROVINSI DKI JAKARTA","JAKARTA SELATAN","CILANDAK","Perempuan","324","Antar Kota dalam 1 Provinsi"
"2015","2015","PROVINSI DKI JAKARTA","JAKARTA SELATAN","KEBAYORAN BARU","Laki-laki","185","Antar Kelurahan dalam 1 Kecamatan"
"2015","2015","PROVINSI DKI JAKARTA","JAKARTA SELATAN","KEBAYORAN BARU","Perempuan","168","Antar Kelurahan dalam 1 Kecamatan"
"2015","2015","PROVINSI DKI JAKARTA","JAKARTA SELATAN","KEBAYORAN BARU","Laki-laki","803","Antar Kecamatan dalam 1 Kota"
"2015","2015","PROVINSI DKI JAKARTA","JAKARTA SELATAN","KEBAYORAN BARU","Perempuan","846","Antar Kecamatan dalam 1 Kota"
"2015","2015","PROVINSI DKI JAKARTA","JAKARTA SELATAN","KEBAYORAN BARU","Laki-laki","363","Antar Kota dalam 1 Provinsi"
"2015","2015","PROVINSI DKI JAKARTA","JAKARTA SELATAN","KEBAYORAN BARU","Perempuan","347","Antar Kota dalam 1 Provinsi"
"2015","2015","PROVINSI DKI JAKARTA","JAKARTA SELATAN","PANCORAN","Laki-laki","190","Antar Kelurahan dalam 1 Kecamatan"
"2015","2015","PROVINSI DKI JAKARTA","KAB.ADM.KEP.SERIBU","KEP. SERIBU UTR","Laki-laki","25","Antar Kelurahan dalam 1 Kecamatan"
"2015","2015","PROVINSI DKI JAKARTA","KAB.ADM.KEP.SERIBU","KEP. SERIBU UTR","Perempuan","16","Antar Kelurahan dalam 1 Kecamatan"
"2015","2015","PROVINSI DKI JAKARTA","KAB.ADM.KEP.SERIBU","KEP. SERIBU UTR","Laki-laki","15","Antar Kecamatan dalam 1 Kota"
"2015","2015","PROVINSI DKI JAKARTA","KAB.ADM.KEP.SERIBU","KEP. SERIBU UTR","Perempuan","16","Antar Kecamatan dalam 1 Kota"
"2015","2015","PROVINSI DKI JAKARTA","KAB.ADM.KEP.SERIBU","KEP. SERIBU UTR","Laki-laki","31","Antar Kota dalam 1 Provinsi"
"2015","2015","PROVINSI DKI JAKARTA","KAB.ADM.KEP.SERIBU","KEP. SERIBU UTR","Perempuan","31","Antar Kota dalam 1 Provinsi"
"2015","2015","PROVINSI DKI JAKARTA","KAB.ADM.KEP.SERIBU","KEP. SERIBU SLT","Laki-laki","8","Antar Kelurahan dalam 1 Kecamatan"
"2015","2015","PROVINSI DKI JAKARTA","KAB.ADM.KEP.SERIBU","KEP. SERIBU SLT","Perempuan","10","Antar Kelurahan dalam 1 Kecamatan"
"2015","2015","PROVINSI DKI JAKARTA","KAB.ADM.KEP.SERIBU","KEP. SERIBU SLT","Laki-laki","7","Antar Kecamatan dalam 1 Kota"
"2015","2015","PROVINSI DKI JAKARTA","KAB.ADM.KEP.SERIBU","KEP. SERIBU SLT","Perempuan","5","Antar Kecamatan dalam 1 Kota"
"2015","2015","PROVINSI DKI JAKARTA","KAB.ADM.KEP.SERIBU","KEP. SERIBU SLT","Laki-laki","27","Antar Kota dalam 1 Provinsi"
"2015","2015","PROVINSI DKI JAKARTA","KAB.ADM.KEP.SERIBU","KEP. SERIBU SLT","Perempuan","21","Antar Kota dalam 1 Provinsi"
"2015","2015","PROVINSI DKI JAKARTA","JAKARTA PUSAT","GAMBIR","Laki-laki","95","Antar Kelurahan dalam 1 Kecamatan"
"2015","2015","PROVINSI DKI JAKARTA","JAKARTA PUSAT","GAMBIR","Perempuan","88","Antar Kelurahan dalam 1 Kecamatan"
"2015","2015","PROVINSI DKI JAKARTA","JAKARTA PUSAT","GAMBIR","Laki-laki","129","Antar Kecamatan dalam 1 Kota"
"2015","2015","PROVINSI DKI JAKARTA","JAKARTA PUSAT","GAMBIR","Perempuan","120","Antar Kecamatan dalam 1 Kota"
"2015","2015","PROVINSI DKI JAKARTA","JAKARTA PUSAT","GAMBIR","Laki-laki","884","Antar Kota dalam 1 Provinsi"
"2015","2015","PROVINSI DKI JAKARTA","JAKARTA PUSAT","GAMBIR","Perempuan","861","Antar Kota dalam 1 Provinsi"
"2015","2015","PROVINSI DKI JAKARTA","JAKARTA PUSAT","SAWAH BESAR","Laki-laki","152","Antar Kelurahan dalam 1 Kecamatan"
"2015","2015","PROVINSI DKI JAKARTA","JAKARTA PUSAT","SAWAH BESAR","Perempuan","160","Antar Kelurahan dalam 1 Kecamatan"
"2015","2015","PROVINSI DKI JAKARTA","JAKARTA PUSAT","SAWAH BESAR","Laki-laki","158","Antar Kecamatan dalam 1 Kota"
"2015","2015","PROVINSI DKI JAKARTA","JAKARTA PUSAT","SAWAH BESAR","Perempuan","179","Antar Kecamatan dalam 1 Kota"
"2015","2015","PROVINSI DKI JAKARTA","JAKARTA PUSAT","SAWAH BESAR","Laki-laki","784","Antar Kota dalam 1 Provinsi"
"2015","2015","PROVINSI DKI JAKARTA","JAKARTA PUSAT","SAWAH BESAR","Perempuan","948","Antar Kota dalam 1 Provinsi"
"2015","2015","PROVINSI DKI JAKARTA","JAKARTA PUSAT","KEMAYORAN","Laki-laki","505","Antar Kelurahan dalam 1 Kecamatan"
"2015","2015","PROVINSI DKI JAKARTA","JAKARTA PUSAT","KEMAYORAN","Perempuan","571","Antar Kelurahan dalam 1 Kecamatan"
"2015","2015","PROVINSI DKI JAKARTA","JAKARTA PUSAT","KEMAYORAN","Laki-laki","254","Antar Kecamatan dalam 1 Kota"
"2015","2015","PROVINSI DKI JAKARTA","JAKARTA PUSAT","KEMAYORAN","Perempuan","231","Antar Kecamatan dalam 1 Kota"
"2015","2015","PROVINSI DKI JAKARTA","JAKARTA PUSAT","KEMAYORAN","Laki-laki","1500","Antar Kota dalam 1 Provinsi"
"2015","2015","PROVINSI DKI JAKARTA","JAKARTA PUSAT","KEMAYORAN","Perempuan","1596","Antar Kota dalam 1 Provinsi"
"2015","2015","PROVINSI DKI JAKARTA","JAKARTA PUSAT","SENEN","Laki-laki","76","Antar Kelurahan dalam 1 Kecamatan"
"2015","2015","PROVINSI DKI JAKARTA","JAKARTA PUSAT","SENEN","Perempuan","59","Antar Kelurahan dalam 1 Kecamatan"
"2015","2015","PROVINSI DKI JAKARTA","JAKARTA PUSAT","SENEN","Laki-laki","270","Antar Kecamatan dalam 1 Kota"
"2015","2015","PROVINSI DKI JAKARTA","JAKARTA PUSAT","SENEN","Perempuan","282","Antar Kecamatan dalam 1 Kota"
"2015","2015","PROVINSI DKI JAKARTA","JAKARTA PUSAT","SENEN","Laki-laki","684","Antar Kota dalam 1 Provinsi"
"2015","2015","PROVINSI DKI JAKARTA","JAKARTA PUSAT","SENEN","Perempuan","770","Antar Kota dalam 1 Provinsi"
"2015","2015","PROVINSI DKI JAKARTA","JAKARTA PUSAT","CEMPAKA PUTIH","Laki-laki","80","Antar Kelurahan dalam 1 Kecamatan"
"2015","2015","PROVINSI DKI JAKARTA","JAKARTA SELATAN","PANCORAN","Perempuan","213","Antar Kelurahan dalam 1 Kecamatan"
"2015","2015","PROVINSI DKI JAKARTA","JAKARTA SELATAN","PANCORAN","Laki-laki","631","Antar Kecamatan dalam 1 Kota"
"2015","2015","PROVINSI DKI JAKARTA","JAKARTA SELATAN","PANCORAN","Perempuan","655","Antar Kecamatan dalam 1 Kota"
"2015","2015","PROVINSI DKI JAKARTA","JAKARTA SELATAN","PANCORAN","Laki-laki","410","Antar Kota dalam 1 Provinsi"
"2015","2015","PROVINSI DKI JAKARTA","JAKARTA SELATAN","PANCORAN","Perempuan","456","Antar Kota dalam 1 Provinsi"
"2015","2015","PROVINSI DKI JAKARTA","JAKARTA SELATAN","JAGAKARSA","Laki-laki","453","Antar Kelurahan dalam 1 Kecamatan"
"2015","2015","PROVINSI DKI JAKARTA","JAKARTA SELATAN","JAGAKARSA","Perempuan","560","Antar Kelurahan dalam 1 Kecamatan"
"2015","2015","PROVINSI DKI JAKARTA","JAKARTA SELATAN","JAGAKARSA","Laki-laki","482","Antar Kecamatan dalam 1 Kota"
"2015","2015","PROVINSI DKI JAKARTA","JAKARTA SELATAN","JAGAKARSA","Perempuan","572","Antar Kecamatan dalam 1 Kota"
"2015","2015","PROVINSI DKI JAKARTA","JAKARTA SELATAN","JAGAKARSA","Laki-laki","458","Antar Kota dalam 1 Provinsi"
"2015","2015","PROVINSI DKI JAKARTA","JAKARTA SELATAN","JAGAKARSA","Perempuan","438","Antar Kota dalam 1 Provinsi"
"2015","2015","PROVINSI DKI JAKARTA","JAKARTA SELATAN","PESANGGRAHAN","Laki-laki","229","Antar Kelurahan dalam 1 Kecamatan"
"2015","2015","PROVINSI DKI JAKARTA","JAKARTA SELATAN","PESANGGRAHAN","Perempuan","250","Antar Kelurahan dalam 1 Kecamatan"
"2015","2015","PROVINSI DKI JAKARTA","JAKARTA SELATAN","PESANGGRAHAN","Laki-laki","339","Antar Kecamatan dalam 1 Kota"
"2015","2015","PROVINSI DKI JAKARTA","JAKARTA SELATAN","PESANGGRAHAN","Perempuan","427","Antar Kecamatan dalam 1 Kota"
"2015","2015","PROVINSI DKI JAKARTA","JAKARTA SELATAN","PESANGGRAHAN","Laki-laki","456","Antar Kota dalam 1 Provinsi"
"2015","2015","PROVINSI DKI JAKARTA","JAKARTA SELATAN","PESANGGRAHAN","Perempuan","442","Antar Kota dalam 1 Provinsi"
"2015","2015","PROVINSI DKI JAKARTA","JAKARTA TIMUR","MATRAMAN","Laki-laki","223","Antar Kelurahan dalam 1 Kecamatan"
"2015","2015","PROVINSI DKI JAKARTA","JAKARTA TIMUR","MATRAMAN","Perempuan","228","Antar Kelurahan dalam 1 Kecamatan"
"2015","2015","PROVINSI DKI JAKARTA","JAKARTA TIMUR","MATRAMAN","Laki-laki","638","Antar Kecamatan dalam 1 Kota"
"2015","2015","PROVINSI DKI JAKARTA","JAKARTA TIMUR","MATRAMAN","Perempuan","655","Antar Kecamatan dalam 1 Kota"
"2015","2015","PROVINSI DKI JAKARTA","JAKARTA TIMUR","MATRAMAN","Laki-laki","535","Antar Kota dalam 1 Provinsi"
"2015","2015","PROVINSI DKI JAKARTA","JAKARTA TIMUR","MATRAMAN","Perempuan","542","Antar Kota dalam 1 Provinsi"
"2015","2015","PROVINSI DKI JAKARTA","JAKARTA TIMUR","PULO GADUNG","Laki-laki","593","Antar Kelurahan dalam 1 Kecamatan"
"2015","2015","PROVINSI DKI JAKARTA","JAKARTA TIMUR","PULO GADUNG","Perempuan","619","Antar Kelurahan dalam 1 Kecamatan"
"2015","2015","PROVINSI DKI JAKARTA","JAKARTA TIMUR","PULO GADUNG","Laki-laki","1314","Antar Kecamatan dalam 1 Kota"
"2015","2015","PROVINSI DKI JAKARTA","JAKARTA TIMUR","PULO GADUNG","Perempuan","1405","Antar Kecamatan dalam 1 Kota"
"2015","2015","PROVINSI DKI JAKARTA","JAKARTA TIMUR","PULO GADUNG","Laki-laki","817","Antar Kota dalam 1 Provinsi"
"2015","2015","PROVINSI DKI JAKARTA","JAKARTA TIMUR","PULO GADUNG","Perempuan","889","Antar Kota dalam 1 Provinsi"
"2015","2015","PROVINSI DKI JAKARTA","JAKARTA TIMUR","JATINEGARA","Laki-laki","447","Antar Kelurahan dalam 1 Kecamatan"
"2015","2015","PROVINSI DKI JAKARTA","JAKARTA TIMUR","JATINEGARA","Perempuan","420","Antar Kelurahan dalam 1 Kecamatan"
"2015","2015","PROVINSI DKI JAKARTA","JAKARTA TIMUR","JATINEGARA","Laki-laki","1081","Antar Kecamatan dalam 1 Kota"
"2015","2015","PROVINSI DKI JAKARTA","JAKARTA TIMUR","JATINEGARA","Perempuan","1119","Antar Kecamatan dalam 1 Kota"
"2015","2015","PROVINSI DKI JAKARTA","JAKARTA TIMUR","JATINEGARA","Laki-laki","815","Antar Kota dalam 1 Provinsi"
"2015","2015","PROVINSI DKI JAKARTA","JAKARTA TIMUR","JATINEGARA","Perempuan","836","Antar Kota dalam 1 Provinsi"
"2015","2015","PROVINSI DKI JAKARTA","JAKARTA TIMUR","KRAMAT JATI","Laki-laki","483","Antar Kelurahan dalam 1 Kecamatan"
"2015","2015","PROVINSI DKI JAKARTA","JAKARTA TIMUR","KRAMAT JATI","Perempuan","499","Antar Kelurahan dalam 1 Kecamatan"
"2015","2015","PROVINSI DKI JAKARTA","JAKARTA TIMUR","KRAMAT JATI","Laki-laki","1093","Antar Kecamatan dalam 1 Kota"
"2015","2015","PROVINSI DKI JAKARTA","JAKARTA TIMUR","KRAMAT JATI","Perempuan","1156","Antar Kecamatan dalam 1 Kota"
"2015","2015","PROVINSI DKI JAKARTA","JAKARTA TIMUR","KRAMAT JATI","Laki-laki","597","Antar Kota dalam 1 Provinsi"
"2015","2015","PROVINSI DKI JAKARTA","JAKARTA TIMUR","KRAMAT JATI","Perempuan","667","Antar Kota dalam 1 Provinsi"
"2015","2015","PROVINSI DKI JAKARTA","JAKARTA TIMUR","PASAR REBO","Laki-laki","505","Antar Kelurahan dalam 1 Kecamatan"
"2015","2015","PROVINSI DKI JAKARTA","JAKARTA TIMUR","PASAR REBO","Perempuan","527","Antar Kelurahan dalam 1 Kecamatan"
"2015","2015","PROVINSI DKI JAKARTA","JAKARTA TIMUR","PASAR REBO","Laki-laki","611","Antar Kecamatan dalam 1 Kota"
"2015","2015","PROVINSI DKI JAKARTA","JAKARTA TIMUR","PASAR REBO","Perempuan","677","Antar Kecamatan dalam 1 Kota"
"2015","2015","PROVINSI DKI JAKARTA","JAKARTA TIMUR","PASAR REBO","Laki-laki","341","Antar Kota dalam 1 Provinsi"
"2015","2015","PROVINSI DKI JAKARTA","JAKARTA TIMUR","PASAR REBO","Perempuan","313","Antar Kota dalam 1 Provinsi"
"2015","2015","PROVINSI DKI JAKARTA","JAKARTA TIMUR","CAKUNG","Laki-laki","1056","Antar Kelurahan dalam 1 Kecamatan"
"2015","2015","PROVINSI DKI JAKARTA","JAKARTA TIMUR","CAKUNG","Perempuan","1155","Antar Kelurahan dalam 1 Kecamatan"
"2015","2015","PROVINSI DKI JAKARTA","JAKARTA TIMUR","CAKUNG","Laki-laki","876","Antar Kecamatan dalam 1 Kota"
"2015","2015","PROVINSI DKI JAKARTA","JAKARTA TIMUR","CAKUNG","Perempuan","1002","Antar Kecamatan dalam 1 Kota"
"2015","2015","PROVINSI DKI JAKARTA","JAKARTA TIMUR","CAKUNG","Laki-laki","1007","Antar Kota dalam 1 Provinsi"
"2015","2015","PROVINSI DKI JAKARTA","JAKARTA TIMUR","CAKUNG","Perempuan","1093","Antar Kota dalam 1 Provinsi"
"2015","2015","PROVINSI DKI JAKARTA","JAKARTA TIMUR","DUREN SAWIT","Laki-laki","743","Antar Kelurahan dalam 1 Kecamatan"
"2015","2015","PROVINSI DKI JAKARTA","JAKARTA TIMUR","DUREN SAWIT","Perempuan","813","Antar Kelurahan dalam 1 Kecamatan"
"2015","2015","PROVINSI DKI JAKARTA","JAKARTA TIMUR","DUREN SAWIT","Laki-laki","1039","Antar Kecamatan dalam 1 Kota"
"2015","2015","PROVINSI DKI JAKARTA","JAKARTA TIMUR","DUREN SAWIT","Perempuan","1104","Antar Kecamatan dalam 1 Kota"
"2015","2015","PROVINSI DKI JAKARTA","JAKARTA TIMUR","DUREN SAWIT","Laki-laki","767","Antar Kota dalam 1 Provinsi"
"2015","2015","PROVINSI DKI JAKARTA","JAKARTA TIMUR","DUREN SAWIT","Perempuan","794","Antar Kota dalam 1 Provinsi"
"2015","2015","PROVINSI DKI JAKARTA","JAKARTA TIMUR","MAKASAR","Laki-laki","203","Antar Kelurahan dalam 1 Kecamatan"
"2015","2015","PROVINSI DKI JAKARTA","JAKARTA TIMUR","MAKASAR","Perempuan","249","Antar Kelurahan dalam 1 Kecamatan"
"2015","2015","PROVINSI DKI JAKARTA","JAKARTA TIMUR","MAKASAR","Laki-laki","741","Antar Kecamatan dalam 1 Kota"
"2015","2015","PROVINSI DKI JAKARTA","JAKARTA TIMUR","MAKASAR","Perempuan","792","Antar Kecamatan dalam 1 Kota"
"2015","2015","PROVINSI DKI JAKARTA","JAKARTA TIMUR","MAKASAR","Laki-laki","320","Antar Kota dalam 1 Provinsi"
"2015","2015","PROVINSI DKI JAKARTA","JAKARTA TIMUR","MAKASAR","Perempuan","334","Antar Kota dalam 1 Provinsi"
"2015","2015","PROVINSI DKI JAKARTA","JAKARTA TIMUR","CIRACAS","Laki-laki","484","Antar Kelurahan dalam 1 Kecamatan"
"2015","2015","PROVINSI DKI JAKARTA","JAKARTA TIMUR","CIRACAS","Perempuan","552","Antar Kelurahan dalam 1 Kecamatan"
"2015","2015","PROVINSI DKI JAKARTA","JAKARTA TIMUR","CIRACAS","Laki-laki","906","Antar Kecamatan dalam 1 Kota"
"2015","2015","PROVINSI DKI JAKARTA","JAKARTA TIMUR","CIRACAS","Perempuan","993","Antar Kecamatan dalam 1 Kota"
"2015","2015","PROVINSI DKI JAKARTA","JAKARTA TIMUR","CIRACAS","Laki-laki","402","Antar Kota dalam 1 Provinsi"
"2015","2015","PROVINSI DKI JAKARTA","JAKARTA TIMUR","CIRACAS","Perempuan","381","Antar Kota dalam 1 Provinsi"
"2015","2015","PROVINSI DKI JAKARTA","JAKARTA TIMUR","CIPAYUNG","Laki-laki","500","Antar Kelurahan dalam 1 Kecamatan"
"2015","2015","PROVINSI DKI JAKARTA","JAKARTA TIMUR","CIPAYUNG","Perempuan","494","Antar Kelurahan dalam 1 Kecamatan"
"2015","2015","PROVINSI DKI JAKARTA","JAKARTA TIMUR","CIPAYUNG","Laki-laki","623","Antar Kecamatan dalam 1 Kota"
"2015","2015","PROVINSI DKI JAKARTA","JAKARTA TIMUR","CIPAYUNG","Perempuan","663","Antar Kecamatan dalam 1 Kota"
"2015","2015","PROVINSI DKI JAKARTA","JAKARTA TIMUR","CIPAYUNG","Laki-laki","306","Antar Kota dalam 1 Provinsi"
"2015","2015","PROVINSI DKI JAKARTA","JAKARTA TIMUR","CIPAYUNG","Perempuan","266","Antar Kota dalam 1 Provinsi"
